{"Magento_Cms_Page":{"tables":{"cms_page":[{"page_id":"1","title":"404 Not Found","page_layout":"2columns-right","meta_keywords":"Page keywords","meta_description":"Page description","identifier":"no-route","content_heading":"Whoops, our bad...","content":"<dl>\r\n<dt>The page you requested was not found, and we have a fine guess why.<\/dt>\r\n<dd>\r\n<ul class=\"disc\">\r\n<li>If you typed the URL directly, please make sure the spelling is correct.<\/li>\r\n<li>If you clicked on a link to get here, the link is outdated.<\/li>\r\n<\/ul><\/dd>\r\n<\/dl>\r\n<dl>\r\n<dt>What can you do?<\/dt>\r\n<dd>Have no fear, help is near! There are many ways you can get back on track with Magento Store.<\/dd>\r\n<dd>\r\n<ul class=\"disc\">\r\n<li><a href=\"#\" onclick=\"history.go(-1); return false;\">Go back<\/a> to the previous page.<\/li>\r\n<li>Use the search bar at the top of the page to search for your products.<\/li>\r\n<li>Follow these links to get you back on track!<br \/><a href=\"{{store url=\"\"}}\">Store Home<\/a> <span class=\"separator\">|<\/span> <a href=\"{{store url=\"customer\/account\"}}\">My Account<\/a><\/li><\/ul><\/dd><\/dl>\r\n","creation_time":"2016-04-12 14:15:44","update_time":"2016-04-12 14:15:44","is_active":"1","sort_order":"0","layout_update_xml":null,"custom_theme":null,"custom_root_template":null,"custom_layout_update_xml":null,"custom_theme_from":null,"custom_theme_to":null},{"page_id":"2","title":"Home page","page_layout":"1column","meta_keywords":null,"meta_description":null,"identifier":"home","content_heading":"Home Page","content":"<div class=\"hidden\">CMS homepage content goes here.<\/div>","creation_time":"2016-04-12 14:15:45","update_time":"2016-05-12 09:28:55","is_active":"1","sort_order":"0","layout_update_xml":"<referenceContainer name=\"ves-slideshow\">\r\n\t<block class=\"Magento\\Cms\\Block\\Block\" name=\"need-slideshow-banner\">\r\n\t\t<arguments>\r\n\t\t\t<argument name=\"block_id\" xsi:type=\"string\">need-slideshow-banner<\/argument>\r\n\t\t<\/arguments>\r\n\t<\/block>\r\n<\/referenceContainer>\r\n\r\n<referenceContainer name=\"ves-showcase\">\r\n\t<block class=\"Magento\\Cms\\Block\\Block\" name=\"need-showcase-category\">\r\n\t\t<arguments>\r\n\t\t\t<argument name=\"block_id\" xsi:type=\"string\">need-showcase-category<\/argument>\r\n\t\t<\/arguments>\r\n\t<\/block>\r\n<\/referenceContainer>\r\n\r\n<referenceContainer name=\"ves-masstop\">\r\n\t<block class=\"Magento\\Cms\\Block\\Block\" name=\"need-newproducts\">\r\n\t\t<arguments>\r\n\t\t\t<argument name=\"block_id\" xsi:type=\"string\">need-newproducts<\/argument>\r\n\t\t<\/arguments>\r\n\t<\/block>\r\n<\/referenceContainer>\r\n\r\n<referenceContainer name=\"ves-massbottom\">\r\n\t<block class=\"Magento\\Cms\\Block\\Block\" name=\"need-footerbanner\">\r\n\t\t<arguments>\r\n\t\t\t<argument name=\"block_id\" xsi:type=\"string\">need-footerbanner<\/argument>\r\n\t\t<\/arguments>\r\n\t<\/block>\r\n<\/referenceContainer>\r\n\r\n<referenceContainer name=\"ves-massbottom1\">\r\n\t<block class=\"Magento\\Cms\\Block\\Block\" name=\"need-testominial-newletter\">\r\n\t\t<arguments>\r\n\t\t\t<argument name=\"block_id\" xsi:type=\"string\">need-testominial-newletter<\/argument>\r\n\t\t<\/arguments>\r\n\t<\/block>\r\n<\/referenceContainer>\r\n","custom_theme":null,"custom_root_template":null,"custom_layout_update_xml":null,"custom_theme_from":null,"custom_theme_to":null},{"page_id":"3","title":"Enable Cookies","page_layout":"1column","meta_keywords":null,"meta_description":null,"identifier":"enable-cookies","content_heading":"What are Cookies?","content":"<div class=\"enable-cookies cms-content\">\r\n<p>\"Cookies\" are little pieces of data we send when you visit our store. Cookies help us get to know you better and personalize your experience. Plus they help protect you and other shoppers from fraud.<\/p>\r\n<p style=\"margin-bottom: 20px;\">Set your browser to accept cookies so you can buy items, save items, and receive customized recommendations. Here\u2019s how:<\/p>\r\n<ul>\r\n<li><a href=\"https:\/\/support.google.com\/accounts\/answer\/61416?hl=en\" target=\"_blank\">Google Chrome<\/a><\/li>\r\n<li><a href=\"http:\/\/windows.microsoft.com\/en-us\/internet-explorer\/delete-manage-cookies\" target=\"_blank\">Internet Explorer<\/a><\/li>\r\n<li><a href=\"http:\/\/support.apple.com\/kb\/PH19214\" target=\"_blank\">Safari<\/a><\/li>\r\n<li><a href=\"https:\/\/support.mozilla.org\/en-US\/kb\/enable-and-disable-cookies-website-preferences\" target=\"_blank\">Mozilla\/Firefox<\/a><\/li>\r\n<\/ul>\r\n<\/div>","creation_time":"2016-04-12 14:15:45","update_time":"2016-04-12 14:15:45","is_active":"1","sort_order":"0","layout_update_xml":null,"custom_theme":null,"custom_root_template":null,"custom_layout_update_xml":null,"custom_theme_from":null,"custom_theme_to":null},{"page_id":"4","title":"Privacy and Cookie Policy","page_layout":"1column","meta_keywords":null,"meta_description":null,"identifier":"privacy-policy-cookie-restriction-mode","content_heading":"Privacy and Cookie Policy","content":"<div class=\"privacy-policy cms-content\">\n    <div class=\"message info\">\n        <span>\n            Please replace this text with you Privacy Policy.\n            Please add any additional cookies your website uses below (e.g. Google Analytics).\n        <\/span>\n    <\/div>\n    <p>\n        This privacy policy sets out how this website (hereafter \"the Store\") uses and protects any information that\n        you give the Store while using this website. The Store is committed to ensuring that your privacy is protected.\n        Should we ask you to provide certain information by which you can be identified when using this website, then\n        you can be assured that it will only be used in accordance with this privacy statement. The Store may change\n        this policy from time to time by updating this page. You should check this page from time to time to ensure\n        that you are happy with any changes.\n    <\/p>\n    <h2>What we collect<\/h2>\n    <p>We may collect the following information:<\/p>\n    <ul>\n        <li>name<\/li>\n        <li>contact information including email address<\/li>\n        <li>demographic information such as postcode, preferences and interests<\/li>\n        <li>other information relevant to customer surveys and\/or offers<\/li>\n    <\/ul>\n    <p>\n        For the exhaustive list of cookies we collect see the <a href=\"#list\">List of cookies we collect<\/a> section.\n    <\/p>\n    <h2>What we do with the information we gather<\/h2>\n    <p>\n        We require this information to understand your needs and provide you with a better service,\n        and in particular for the following reasons:\n    <\/p>\n    <ul>\n        <li>Internal record keeping.<\/li>\n        <li>We may use the information to improve our products and services.<\/li>\n        <li>\n            We may periodically send promotional emails about new products, special offers or other information which we\n            think you may find interesting using the email address which you have provided.\n        <\/li>\n        <li>\n            From time to time, we may also use your information to contact you for market research purposes.\n            We may contact you by email, phone, fax or mail. We may use the information to customise the website\n            according to your interests.\n        <\/li>\n    <\/ul>\n    <h2>Security<\/h2>\n    <p>\n        We are committed to ensuring that your information is secure. In order to prevent unauthorised access or\n        disclosure, we have put in place suitable physical, electronic and managerial procedures to safeguard and\n        secure the information we collect online.\n    <\/p>\n    <h2>How we use cookies<\/h2>\n    <p>\n        A cookie is a small file which asks permission to be placed on your computer's hard drive.\n        Once you agree, the file is added and the cookie helps analyse web traffic or lets you know when you visit\n        a particular site. Cookies allow web applications to respond to you as an individual. The web application\n        can tailor its operations to your needs, likes and dislikes by gathering and remembering information about\n        your preferences.\n    <\/p>\n    <p>\n        We use traffic log cookies to identify which pages are being used. This helps us analyse data about web page\n        traffic and improve our website in order to tailor it to customer needs. We only use this information for\n        statistical analysis purposes and then the data is removed from the system.\n    <\/p>\n    <p>\n        Overall, cookies help us provide you with a better website, by enabling us to monitor which pages you find\n        useful and which you do not. A cookie in no way gives us access to your computer or any information about you,\n        other than the data you choose to share with us. You can choose to accept or decline cookies.\n        Most web browsers automatically accept cookies, but you can usually modify your browser setting\n        to decline cookies if you prefer. This may prevent you from taking full advantage of the website.\n    <\/p>\n    <h2>Links to other websites<\/h2>\n    <p>\n        Our website may contain links to other websites of interest. However, once you have used these links\n        to leave our site, you should note that we do not have any control over that other website.\n        Therefore, we cannot be responsible for the protection and privacy of any information which you provide whilst\n        visiting such sites and such sites are not governed by this privacy statement.\n        You should exercise caution and look at the privacy statement applicable to the website in question.\n    <\/p>\n    <h2>Controlling your personal information<\/h2>\n    <p>You may choose to restrict the collection or use of your personal information in the following ways:<\/p>\n    <ul>\n        <li>\n            whenever you are asked to fill in a form on the website, look for the box that you can click to indicate\n            that you do not want the information to be used by anybody for direct marketing purposes\n        <\/li>\n        <li>\n            if you have previously agreed to us using your personal information for direct marketing purposes,\n            you may change your mind at any time by letting us know using our Contact Us information\n        <\/li>\n    <\/ul>\n    <p>\n        We will not sell, distribute or lease your personal information to third parties unless we have your permission\n        or are required by law to do so. We may use your personal information to send you promotional information\n        about third parties which we think you may find interesting if you tell us that you wish this to happen.\n    <\/p>\n    <p>\n        You may request details of personal information which we hold about you under the Data Protection Act 1998.\n        A small fee will be payable. If you would like a copy of the information held on you please email us this\n        request using our Contact Us information.\n    <\/p>\n    <p>\n        If you believe that any information we are holding on you is incorrect or incomplete,\n        please write to or email us as soon as possible, at the above address.\n        We will promptly correct any information found to be incorrect.\n    <\/p>\n    <h2><a name=\"list\"><\/a>List of cookies we collect<\/h2>\n    <p>The table below lists the cookies we collect and what information they store.<\/p>\n    <table class=\"data-table\">\n        <thead>\n            <tr>\n                <th>COOKIE name<\/th>\n                <th>COOKIE Description<\/th>\n            <\/tr>\n        <\/thead>\n        <tbody>\n            <tr>\n                <th>CART<\/th>\n                <td>The association with your shopping cart.<\/td>\n            <\/tr>\n            <tr>\n                <th>CATEGORY_INFO<\/th>\n                <td>Stores the category info on the page, that allows to display pages more quickly.<\/td>\n            <\/tr>\n            <tr>\n                <th>COMPARE<\/th>\n                <td>The items that you have in the Compare Products list.<\/td>\n            <\/tr>\n            <tr>\n                <th>CUSTOMER<\/th>\n                <td>An encrypted version of your customer id with the store.<\/td>\n            <\/tr>\n            <tr>\n                <th>CUSTOMER_AUTH<\/th>\n                <td>An indicator if you are currently logged into the store.<\/td>\n            <\/tr>\n            <tr>\n                <th>CUSTOMER_INFO<\/th>\n                <td>An encrypted version of the customer group you belong to.<\/td>\n            <\/tr>\n            <tr>\n                <th>CUSTOMER_SEGMENT_IDS<\/th>\n                <td>Stores the Customer Segment ID<\/td>\n            <\/tr>\n            <tr>\n                <th>EXTERNAL_NO_CACHE<\/th>\n                <td>A flag, which indicates whether caching is disabled or not.<\/td>\n            <\/tr>\n            <tr>\n                <th>FORM_KEY<\/th>\n                <td>Stores form key used by page cache functionality.<\/td>\n            <\/tr>\n            <tr>\n                <th>FRONTEND<\/th>\n                <td>Your session ID on the server.<\/td>\n            <\/tr>\n            <tr>\n                <th>GUEST-VIEW<\/th>\n                <td>Allows guests to edit their orders.<\/td>\n            <\/tr>\n            <tr>\n                <th>LAST_CATEGORY<\/th>\n                <td>The last category you visited.<\/td>\n            <\/tr>\n            <tr>\n                <th>LAST_PRODUCT<\/th>\n                <td>The most recent product you have viewed.<\/td>\n            <\/tr>\n            <tr>\n                <th>NEWMESSAGE<\/th>\n                <td>Indicates whether a new message has been received.<\/td>\n            <\/tr>\n            <tr>\n                <th>NO_CACHE<\/th>\n                <td>Indicates whether it is allowed to use cache.<\/td>\n            <\/tr>\n            <tr>\n                <th>PERSISTENT_SHOPPING_CART<\/th>\n                <td>A link to information about your cart and viewing history if you have asked the site.<\/td>\n            <\/tr>\n            <tr>\n                <th>RECENTLYCOMPARED<\/th>\n                <td>The items that you have recently compared.<\/td>\n            <\/tr>\n            <tr>\n                <th>STF<\/th>\n                <td>Information on products you have emailed to friends.<\/td>\n            <\/tr>\n            <tr>\n                <th>STORE<\/th>\n                <td>The store view or language you have selected.<\/td>\n            <\/tr>\n            <tr>\n                <th>USER_ALLOWED_SAVE_COOKIE<\/th>\n                <td>Indicates whether a customer allowed to use cookies.<\/td>\n            <\/tr>\n            <tr>\n                <th>VIEWED_PRODUCT_IDS<\/th>\n                <td>The products that you have recently viewed.<\/td>\n            <\/tr>\n            <tr>\n                <th>WISHLIST<\/th>\n                <td>An encrypted list of products added to your Wish List.<\/td>\n            <\/tr>\n            <tr>\n                <th>WISHLIST_CNT<\/th>\n                <td>The number of items in your Wish List.<\/td>\n            <\/tr>\n        <\/tbody>\n    <\/table>\n<\/div>","creation_time":"2016-04-12 14:15:45","update_time":"2016-04-12 14:15:45","is_active":"1","sort_order":"0","layout_update_xml":null,"custom_theme":null,"custom_root_template":null,"custom_layout_update_xml":null,"custom_theme_from":null,"custom_theme_to":null},{"page_id":"5","title":"A New Era of Commerce Innovation","page_layout":"1column","meta_keywords":null,"meta_description":null,"identifier":"blog-detail","content_heading":null,"content":"<div class=\"post-content-wrap\">\r\n<div class=\"post-image\"><img src=\"{{media url=\"wysiwyg\/need\/blogs\/blog-detail.jpg\"}}\" alt=\"A New Era of Commerce Innovation\" \/><\/div>\r\n<div class=\"post-meta\">\r\n<div class=\"post-title\">\r\n<h3>A New Era of Commerce Innovation<\/h3>\r\n<\/div>\r\n<div class=\"post-author\">Posted by: <a title=\"\" href=\"{{store url='blog-detail.html'}}\">venusadmin venusadmin<\/a><\/div>\r\n<div class=\"post-date\"><span>Created on Feb 5, 2016<\/span> <span>Updated on Feb 5, 2016<\/span><\/div>\r\n<div class=\"post-comment\">0 comments<\/div>\r\n<div class=\"post-categories\">Pubslished In: <a title=\"Customer Stories\" href=\"{{store url='blog-detail.html'}}\">Customer Stories<\/a>, <a title=\"Technical\" href=\"{{store url='blog-detail.html'}}\">Technical<\/a>, <a title=\"Events\" href=\"{{store url='blog-detail.html'}}\">Events<\/a>, <a title=\"Magento News\" href=\"{{store url='blog-detail.html'}}\">Magento News<\/a><\/div>\r\n<div class=\"post-hits\"><span>Read<\/span> <strong>27<\/strong> Times<\/div>\r\n<\/div>\r\n<div class=\"post-content\">\r\n<div class=\"field-item even\">\r\n<p>Today we announced the general availability of our next generation open source digital commerce platform, Magento 2.0.&nbsp; The new platform empowers brands, retailers, and businesses across B2C and B2B industries to quickly and cost-effectively deliver engaging omnichannel shopping experiences. Magento 2.0 also offers enhanced performance and scalability, &nbsp;new features to boost conversion rates, and business agility and productivity improvements. The new platform also builds on our open source heritage and offers unmatched flexibility and innovation opportunities to our global ecosystem of partners and developers.<\/p>\r\n<p>Two new products based on this powerful platform are available for download today: Magento Enterprise Edition 2.0 and Magento Community Edition 2.0.<\/p>\r\n<p><strong>Open, Flexible Architecture<\/strong><\/p>\r\n<p>Underpinning these new releases is a next-generation architecture that offers unmatched flexibility to bring your commerce vision to life. It features a modular code base that enables easier customization, faster time-to-market, and greater deployment flexibility to public or private cloud environments. More extensive and efficient APIs allow you to connect and operate at scale with any third party solution, and theming capabilities make building site variations for new product lines or geographies easier than ever. A wide range of turnkey extensions also enable fast and affordable enhancements to your store.<\/p>\r\n<p><strong>Engaging Shopping Experiences<\/strong><\/p>\r\n<p>Creating engaging, seamless and personalized customer experiences across any device is central to the Magento 2.0 platform. New responsive design reference themes give you a fast way to create sites that supports anytime, anywhere sales. And you can share your products in a more immersive way through integrated video. An all-new checkout is easier to customize and further improves conversion rates by minimizing steps and required information. You can also offer convenient, one-click account creation to save customer profiles for future purchases.&nbsp;<\/p>\r\n<p><strong>Enhanced Business Agility and Productivity<\/strong><\/p>\r\n<p>Magento Commerce is also revolutionizing the merchant experience, enabling you to operate more efficiently and handle rapid growth, without scaling up your team. The new Admin panel design offers a streamlined, consumer-like interface that saves time when managing day-to-day tasks and is intuitive for new team members to learn. It is also touch-friendly so you can make updates or track sales while on-the-go.<\/p>\r\n<p>Improved business tools empower you to continuously optimize your operations to drive growth. You can now effortlessly customize and save views in the Admin panel to enable quick access to information critical to your business. Setting up new products is also faster, with a step-by-step product creation tool and product import capabilities that are 4x faster than before.<\/p>\r\n<p><strong>Enterprise-grade Scalability and Performance<\/strong><\/p>\r\n<p>The Magento platform has been supercharged to offer over 50% faster page load times across many catalog and checkout pages to help you delight your customers and improve conversion rates. It&nbsp;<span>pre-integrates Varnish to cache page content for faster performance and optimizes code and images for fast loading. Your team will be delighted too, with improved Admin performance and support for more concurrent updates. Magento Enterprise Edition 2.0 also delivers enterprise-grade scalability and high availability with standalone master databases for key subsystems along with multiple slave databases.<\/span><\/p>\r\n<p><strong>Secure Payments<\/strong><\/p>\r\n<p>Additionally, the Magento platform comes with tight out-of-the-box integrations with PayPal, Braintree, and Authorize.net payment gateways. Magento Enterprise Edition 2.0 also integrates with WorldPay and CyberSource. &nbsp;All versions provide improved security and the ability to pursue the easiest level of PCI compliance, depending on the selected payment method.<\/p>\r\n<p><strong>Easier Maintenance and Upgrades<\/strong><\/p>\r\n<p>And finally, this modern, modular architecture reduces the complexity and cost of maintaining your site and it futureproofs your investment by simplifying upgrades. This means you can easily incorporate innovative functionality as it is released by Magento Commerce on a quarterly basis to drive higher sales and greater efficiency.<\/p>\r\n<p><strong>Start Exploring Today<\/strong><\/p>\r\n<p>There are many ways to learn more about the powerful and innovative Magento Commerce platform:<\/p>\r\n<ul>\r\n<li>\r\n<p>To access product information, videos, and white papers visit the <a href=\"{{store url='blog-detail.html'}}\" target=\"_blank\">Magento Enterprise Edition page<\/a>.<\/p>\r\n<\/li>\r\n<li>\r\n<p>To learn more about merchants already deployed on Magento Enterprise Edition 2.0, check out our <a href=\"{{store url='blog-detail.html'}}\" target=\"_blank\">early adopter blog post<\/a>.<\/p>\r\n<\/li>\r\n<li>\r\n<p>To find a Magento 2.0 Trained Solution Partner visit the <a href=\"{{store url='blog-detail.html'}}\" target=\"_blank\">Partner Directory<\/a>&nbsp;or the <a href=\"{{store url='blog-detail.html'}}\" target=\"_blank\">blog post<\/a><\/p>\r\n<\/li>\r\n<li>\r\n<p>To see all the extensions available for Magento 2.0, visit our dedicated <a href=\"{{store url='blog-detail.html'}}\" target=\"_blank\">extension page<\/a>.<\/p>\r\n<\/li>\r\n<\/ul>\r\n<p>You can also start using the new software today. Existing Enterprise Edition customers can access it via <a href=\"{{store url='blog-detail.html'}}\" target=\"_blank\">MyAccount<\/a> &nbsp;and Community Edition users can download it from the Community Edition <a href=\"{{store url='blog-detail.html'}}\" target=\"_blank\">download page<\/a>.<\/p>\r\n<p><span style=\"line-height: 1.6em;\">Welcome to next-generation commerce!<\/span><\/p>\r\n<\/div>\r\n<\/div>\r\n<div class=\"post-meta\">\r\n<div class=\"post-tag\"><span>Tags:<\/span> <a href=\"{{store url='blog-detail.html'}}\">Business News<\/a>, <a href=\"{{store url='blog-detail.html'}}\"> Enterprise Edition<\/a>, <a href=\"{{store url='blog-detail.html'}}\"> Magento 2<\/a>, <a href=\"{{store url='blog-detail.html'}}\"> Products<\/a><\/div>\r\n<\/div>\r\n<\/div>","creation_time":"2016-04-23 03:35:58","update_time":"2016-05-17 07:20:52","is_active":"1","sort_order":"0","layout_update_xml":null,"custom_theme":null,"custom_root_template":null,"custom_layout_update_xml":null,"custom_theme_from":null,"custom_theme_to":null}],"cms_page_store":[{"page_id":"1","store_id":"0"},{"page_id":"2","store_id":"0"},{"page_id":"3","store_id":"0"},{"page_id":"4","store_id":"0"},{"page_id":"5","store_id":"0"}]}},"Magento_Cms_Block":{"tables":{"cms_block":[{"block_id":"2","title":"Need - Slideshow - Banner","identifier":"need-slideshow-banner","content":"<div id=\"owl-demo2\" class=\"owl-carousel owl-theme\">         \r\n\t<div class=\"item\"> \r\n\t\t<div class=\"ves-slider\">\r\n\t\t\t<img class=\"img-responsive\" src=\"{{media url=\"wysiwyg\/need\/home01\/slide-01.jpg\"}}\" alt=\"\" \/>\r\n\t\t<\/div>\r\n\t<\/div>\r\n\t<div class=\"item\"> \r\n\t\t<div class=\"ves-slider\">\r\n\t\t\t<img class=\"img-responsive\" src=\"{{media url=\"wysiwyg\/need\/home01\/slide-02.jpg\"}}\" alt=\"\" \/>\r\n\t\t<\/div>\r\n\t<\/div>\r\n<\/div>\r\n<div class=\"owl-controls\">\r\n\t<div class=\"owl-nav\">\r\n\t\t<div class=\"owl-demo-prev\"><i class=\"fa fa-angle-left\"> <\/i><\/div>\r\n\t\t<div class=\"owl-demo-next\"><i class=\"fa fa-angle-right\"> <\/i><\/div>\r\n\t<\/div>\r\n<\/div>\r\n<script type=\"text\/javascript\">\r\n\trequire(['jquery','owl.carousel\/owl.carousel.min'],function(){\r\n\t\tjQuery(document).ready(function() {\r\n\t\t\tjQuery(\"#owl-demo2\").owlCarousel({\r\n\t\t\t\tloop:true,\r\n\t\t\t\tmargin:10,\r\n\t\t\t\tresponsiveClass:true,\r\n\t\t\t\tdots: true,\r\n\t\t\t\tnav: false,\r\n\t\t\t\tresponsive:{\r\n\t\t\t\t\t0:{\r\n\t\t\t\t\t\titems:1\r\n\t\t\t\t\t},\r\n\t\t\t\t\t480:{\r\n\t\t\t\t\t\titems:1\r\n\t\t\t\t\t},\r\n\t\t\t\t\t768:{\r\n\t\t\t\t\t\titems:1\r\n\t\t\t\t\t},\r\n\t\t\t\t\t1000:{\r\n\t\t\t\t\t\titems:1\r\n\t\t\t\t\t}\r\n\t\t\t\t}\r\n\t\t\t});\r\n\t\t\tjQuery(\".owl-demo-prev\").click(function () {\r\n\t\t\t\tjQuery(\"#owl-demo2\").trigger('prev.owl.carousel');\r\n\t\t\t});\r\n\t\t\tjQuery(\".owl-demo-next\").click(function () {\r\n\t\t\t\tjQuery(\"#owl-demo2\").trigger('next.owl.carousel');\r\n\t\t\t});\r\n\t\t});\r\n\t});\r\n<\/script>","creation_time":"2016-04-12 15:18:33","update_time":"2016-05-09 10:09:35","is_active":"1"},{"block_id":"3","title":"Need- Showcase - Category","identifier":"need-showcase-category","content":"<div class=\"ves-static\">\r\n\t<a href=\"#\" class=\"banner-img\"><img class=\"img-responsive\" src=\"{{media url=\"wysiwyg\/need\/home01\/banner-01.jpg\"}}\" alt=\"\" \/> <\/a>\r\n<\/div>\r\n\r\n<div class=\"ves-static grid-3\">\r\n\t<a href=\"#\" class=\"banner-img\"><img class=\"img-responsive\" src=\"{{media url=\"wysiwyg\/need\/home01\/banner-02.jpg\"}}\" alt=\"\" \/><\/a>\r\n<\/div>\r\n\r\n<div class=\"ves-static grid-3\">\r\n\t<a href=\"#\" class=\"banner-img\"><img class=\"img-responsive\" src=\"{{media url=\"wysiwyg\/need\/home01\/banner-03.jpg\"}}\" alt=\"\" \/><\/a>\r\n\t<a href=\"#\" class=\"banner-img\"><img class=\"img-responsive\" src=\"{{media url=\"wysiwyg\/need\/home01\/banner-04.jpg\"}}\" alt=\"\" \/><\/a>\r\n<\/div>\r\n\r\n<div class=\"ves-static grid-3\">\r\n\t<a href=\"#\" class=\"banner-img\"><img class=\"img-responsive\" src=\"{{media url=\"wysiwyg\/need\/home01\/banner-05.jpg\"}}\" alt=\"\" \/><\/a>\r\n\t<a href=\"#\" class=\"banner-img\"><img class=\"img-responsive\" src=\"{{media url=\"wysiwyg\/need\/home01\/banner-06.jpg\"}}\" alt=\"\" \/><\/a>\r\n<\/div>","creation_time":"2016-04-12 15:19:37","update_time":"2016-05-11 08:37:24","is_active":"1"},{"block_id":"4","title":"Need - NewProducts","identifier":"need-newproducts","content":"<div>{{widget type=\"Magento\\Catalog\\Block\\Product\\Widget\\NewWidget\" display_type=\"all_products\" products_count=\"8\" template=\"product\/widget\/new\/content\/new_grid.phtml\"}}<\/div>","creation_time":"2016-04-12 15:20:55","update_time":"2016-05-17 09:51:59","is_active":"1"},{"block_id":"5","title":"Need - Footer banner","identifier":"need-footerbanner","content":"<div class=\"ves-static\">\r\n\t<a href=\"#\" class=\"banner-img\"><img class=\"img-responsive\" src=\"{{media url=\"wysiwyg\/need\/home01\/banner-07.jpg\"}}\" alt=\"\" \/><\/a>\r\n<\/div>","creation_time":"2016-04-12 15:21:46","update_time":"2016-05-11 08:37:46","is_active":"1"},{"block_id":"8","title":"Need - Footer","identifier":"need-footer","content":"<!-- Footer -->\r\n<div class=\"custom-footer\">\r\n\t<div class=\"block grid-4\">\r\n\t\t<div class=\"block-title\"><strong> About Shop <\/strong><\/div>\r\n\t\t<div class=\"block-content \">\r\n\t\t\t<p>The weather is amazing, walk with me through the pathway of more success. Take this journey with me, Lion! Don\u2019t ever play yourself. <\/p>\r\n\t\t\t<ul class=\"list-social\">\r\n\t\t\t\t<li class=\"icon-social\"><a href=\"#\"> <em class=\"fa fa-facebook\">&nbsp;<\/em> <\/a><\/li>\r\n\t\t\t\t<li class=\"icon-social\"><a href=\"#\"> <em class=\"fa fa-twitter\">&nbsp;<\/em> <\/a><\/li>\r\n\t\t\t\t<li class=\"icon-social\"><a href=\"#\"> <em class=\"fa fa-google-plus\">&nbsp;<\/em><\/a><\/li>\r\n\t\t\t\t<li class=\"icon-social\"><a href=\"#\"> <em class=\"fa fa-tumblr\">&nbsp;<\/em> <\/a><\/li>\r\n\t\t\t\t<li class=\"icon-social\"><a href=\"#\"> <em class=\"fa fa-rss\">&nbsp;<\/em> <\/a><\/li>\r\n\t\t\t\t<li class=\"icon-social\"><a href=\"#\"> <em class=\"fa fa-skype\">&nbsp;<\/em> <\/a><\/li>\r\n\t\t\t<\/ul>\r\n\t\t<\/div>\r\n\t<\/div>\r\n\r\n\t<div class=\"block grid-6\">\r\n\t\t<div class=\"block-title\"><strong>Shop<\/strong><\/div>\r\n\t\t<div class=\"block-content\">\r\n\t\t\t<ul class=\"nav-links\">\r\n\t\t\t\t<li><a href=\"{{store url='cosmetics.html'}}\">Men<\/a><\/li>\r\n\t\t\t\t<li><a href=\"{{store url='jewelry.html'}}\">Women<\/a><\/li>\r\n\t\t\t\t<li><a href=\"{{store url='hair.html'}}\">New Blazers<\/a><\/li>\r\n\t\t\t\t<li><a href=\"{{store url='nails.html'}}\">Accessories<\/a><\/li>\r\n\t\t\t\t<li><a href=\"{{store url='charms.html'}}\">T-Shirt<\/a><\/li>\r\n\t\t\t\t<li><a href=\"{{store url='cosmetics.html'}}\">Summer Hot<\/a><\/li>\r\n\t\t\t<\/ul>\r\n\t\t<\/div>\r\n\t<\/div>\r\n\r\n\t<div class=\"block grid-6\">\r\n\t\t<div class=\"block-title\"><strong>Support<\/strong><\/div>\r\n\t\t<div class=\"block-content\">\r\n\t\t\t<ul class=\"nav-links\">\r\n\t\t\t\t<li><a href=\"{{store url='contact'}}\">Help &amp; Contact<\/a><\/li>\r\n\t\t\t\t<li><a href=\"{{store url='#'}}\">Shipping &amp; taxes<\/a><\/li>\r\n\t\t\t\t<li><a href=\"{{store url='#'}}\">Return policy<\/a><\/li>\r\n\t\t\t\t<li><a href=\"{{store url='#'}}\">Affiliates<\/a><\/li>\r\n\t\t\t\t<li><a href=\"{{store url='#'}}\">Legal Notice<\/a><\/li>\r\n\t\t\t<\/ul>\r\n\t\t<\/div>\r\n\t<\/div>\r\n\r\n\t<div class=\"block grid-6\">\r\n\t\t<div class=\"block-title\"><strong>Useful Links <\/strong><\/div>\r\n\t\t<div class=\"block-content\">\r\n\t\t\t<ul class=\"nav-links\">\r\n\t\t\t\t<li><a href=\"{{store url='customer\/account\/login\/'}}\">My Acount<\/a><\/li>\r\n\t\t\t\t<li><a href=\"{{store url='sales\/guest\/form\/'}}\">Order history<\/a><\/li>\r\n\t\t\t\t<li><a href=\"{{store url='wishlist'}}\">Wishlist<\/a><\/li>\r\n\t\t\t\t<li><a href=\"{{store url='#'}}\">Returns<\/a><\/li>\r\n\t\t\t\t<li><a href=\"{{store url='#'}}\">Store Location<\/a><\/li>\r\n\t\t\t\t<li><a href=\"{{store url='catalog\/seo_sitemap\/category\/'}}\">Site map<\/a><\/li>\r\n\t\t\t<\/ul>\r\n\t\t<\/div>\r\n\t<\/div>\r\n\r\n\t<div class=\"block grid-4\">\r\n\t\t<div class=\"block-title\"><strong> Openning time<\/strong><\/div>\r\n\t\t<div class=\"block-content \">\r\n\t\t\t<p>0123 456 789<\/p>\r\n\t\t\t<ul>\r\n\t\t\t\t<li>Monday - Friday ------ 8.00 to 18.00 <\/li>\r\n\t\t\t\t<li>Saturday ------------- 9.00 to 21.00 <\/li>\r\n\t\t\t\t<li>Sunday -------------- 10.00 to 21.00 <\/li>\r\n\t\t\t<\/ul>\r\n\t\t<\/div>\r\n\t<\/div>\r\n<\/div>","creation_time":"2016-04-12 15:24:52","update_time":"2016-05-16 04:22:33","is_active":"1"},{"block_id":"10","title":"Need - Bloglist","identifier":"need-blog-list","content":"<div class=\"ves-blog\">\r\n<div class=\"blog-grid\">\r\n<div class=\"grid-04\">\r\n<div class=\"ves-post post-item\">\r\n<div class=\"post-image\"><a title=\"Le Creuset Introduces New Ecommerce\" href=\"#\"> <img class=\"img-responsive\" src=\"{{media url=\"wysiwyg\/need\/blogs\/blog-01.jpg\"}}\" alt=\"\" \/> <\/a><\/div>\r\n<div class=\"post-meta\">\r\n<div class=\"post-title\">\r\n<h3><a title=\"Le Creuset Introduces New Ecommerce\" href=\"{{store url='blog-detail'}}\"> Le Creuset Introduces New Ecommerce<\/a><\/h3>\r\n<\/div>\r\n<div class=\"post-author\">Posted by: <a title=\"\" href=\"{{store url='blog-detail'}}\">venusadmin venusadmin<\/a><\/div>\r\n<div class=\"post-date\"><span>Created on Feb 5, 2016<\/span><\/div>\r\n<div class=\"post-hits\"><span>Read<\/span> <strong>32<\/strong> Times<\/div>\r\n<div class=\"post-tag\"><span>Tags:<\/span> <a href=\"{{store url='blog-detail'}}\">Enterprise Edition<\/a>, <a href=\"{{store url='blog-detail'}}\"> Merchants<\/a>, <a href=\"{{store url='blog-detail'}}\">Partners<\/a><\/div>\r\n<\/div>\r\n<\/div>\r\n<\/div>\r\n<div class=\"grid-04\">\r\n<div class=\"ves-post post-item\">\r\n<div class=\"post-image\"><a title=\"Le Creuset Introduces New Ecommerce\" href=\"#\"> <img class=\"img-responsive\" src=\"{{media url=\"wysiwyg\/need\/blogs\/blog-02.jpg\"}}\" alt=\"\" \/> <\/a><\/div>\r\n<div class=\"post-meta\">\r\n<div class=\"post-title\">\r\n<h3><a title=\"Le Creuset Introduces New Ecommerce\" href=\"{{store url='blog-detail'}}\"> Le Creuset Introduces New Ecommerce<\/a><\/h3>\r\n<\/div>\r\n<div class=\"post-author\">Posted by: <a title=\"\" href=\"{{store url='blog-detail'}}\">venusadmin venusadmin<\/a><\/div>\r\n<div class=\"post-date\"><span>Created on Feb 5, 2016<\/span><\/div>\r\n<div class=\"post-hits\"><span>Read<\/span> <strong>32<\/strong> Times<\/div>\r\n<div class=\"post-tag\"><span>Tags:<\/span> <a href=\"{{store url='blog-detail'}}\">Enterprise Edition<\/a>, <a href=\"{{store url='blog-detail'}}\"> Merchants<\/a>, <a href=\"{{store url='blog-detail'}}\">Partners<\/a><\/div>\r\n<\/div>\r\n<\/div>\r\n<\/div>\r\n<div class=\"grid-04\">\r\n<div class=\"ves-post post-item\">\r\n<div class=\"post-image\"><a title=\"Le Creuset Introduces New Ecommerce\" href=\"#\"> <img class=\"img-responsive\" src=\"{{media url=\"wysiwyg\/need\/blogs\/blog-03.jpg\"}}\" alt=\"\" \/> <\/a><\/div>\r\n<div class=\"post-meta\">\r\n<div class=\"post-title\">\r\n<h3><a title=\"Le Creuset Introduces New Ecommerce\" href=\"{{store url='blog-detail'}}\"> Le Creuset Introduces New Ecommerce<\/a><\/h3>\r\n<\/div>\r\n<div class=\"post-author\">Posted by: <a title=\"\" href=\"{{store url='blog-detail'}}\">venusadmin venusadmin<\/a><\/div>\r\n<div class=\"post-date\"><span>Created on Feb 5, 2016<\/span><\/div>\r\n<div class=\"post-hits\"><span>Read<\/span> <strong>32<\/strong> Times<\/div>\r\n<div class=\"post-tag\"><span>Tags:<\/span> <a href=\"{{store url='blog-detail'}}\">Enterprise Edition<\/a>, <a href=\"{{store url='blog-detail'}}\"> Merchants<\/a>, <a href=\"{{store url='blog-detail'}}\">Partners<\/a><\/div>\r\n<\/div>\r\n<\/div>\r\n<\/div>\r\n<div class=\"grid-04\">\r\n<div class=\"ves-post post-item\">\r\n<div class=\"post-image\"><a title=\"Le Creuset Introduces New Ecommerce\" href=\"#\"> <img class=\"img-responsive\" src=\"{{media url=\"wysiwyg\/need\/blogs\/blog-04.jpg\"}}\" alt=\"\" \/> <\/a><\/div>\r\n<div class=\"post-meta\">\r\n<div class=\"post-title\">\r\n<h3><a title=\"Le Creuset Introduces New Ecommerce\" href=\"{{store url='blog-detail'}}\"> Le Creuset Introduces New Ecommerce<\/a><\/h3>\r\n<\/div>\r\n<div class=\"post-author\">Posted by: <a title=\"\" href=\"{{store url='blog-detail'}}\">venusadmin venusadmin<\/a><\/div>\r\n<div class=\"post-date\"><span>Created on Feb 5, 2016<\/span><\/div>\r\n<div class=\"post-hits\"><span>Read<\/span> <strong>32<\/strong> Times<\/div>\r\n<div class=\"post-tag\"><span>Tags:<\/span> <a href=\"{{store url='blog-detail'}}\">Enterprise Edition<\/a>, <a href=\"{{store url='blog-detail'}}\"> Merchants<\/a>, <a href=\"{{store url='blog-detail'}}\">Partners<\/a><\/div>\r\n<\/div>\r\n<\/div>\r\n<\/div>\r\n<div class=\"grid-04\">\r\n<div class=\"ves-post post-item\">\r\n<div class=\"post-image\"><a title=\"Le Creuset Introduces New Ecommerce\" href=\"#\"> <img class=\"img-responsive\" src=\"{{media url=\"wysiwyg\/need\/blogs\/blog-05.jpg\"}}\" alt=\"\" \/> <\/a><\/div>\r\n<div class=\"post-meta\">\r\n<div class=\"post-title\">\r\n<h3><a title=\"Le Creuset Introduces New Ecommerce\" href=\"{{store url='blog-detail'}}\"> Le Creuset Introduces New Ecommerce<\/a><\/h3>\r\n<\/div>\r\n<div class=\"post-author\">Posted by: <a title=\"\" href=\"{{store url='blog-detail'}}\">venusadmin venusadmin<\/a><\/div>\r\n<div class=\"post-date\"><span>Created on Feb 5, 2016<\/span><\/div>\r\n<div class=\"post-hits\"><span>Read<\/span> <strong>32<\/strong> Times<\/div>\r\n<div class=\"post-tag\"><span>Tags:<\/span> <a href=\"{{store url='blog-detail'}}\">Enterprise Edition<\/a>, <a href=\"{{store url='blog-detail'}}\"> Merchants<\/a>, <a href=\"{{store url='blog-detail'}}\">Partners<\/a><\/div>\r\n<\/div>\r\n<\/div>\r\n<\/div>\r\n<div class=\"grid-04\">\r\n<div class=\"ves-post post-item\">\r\n<div class=\"post-image\"><a title=\"Le Creuset Introduces New Ecommerce\" href=\"#\"> <img class=\"img-responsive\" src=\"{{media url=\"wysiwyg\/need\/blogs\/blog-06.jpg\"}}\" alt=\"\" \/> <\/a><\/div>\r\n<div class=\"post-meta\">\r\n<div class=\"post-title\">\r\n<h3><a title=\"Le Creuset Introduces New Ecommerce\" href=\"{{store url='blog-detail'}}\"> Le Creuset Introduces New Ecommerce<\/a><\/h3>\r\n<\/div>\r\n<div class=\"post-author\">Posted by: <a title=\"\" href=\"{{store url='blog-detail'}}\">venusadmin venusadmin<\/a><\/div>\r\n<div class=\"post-date\"><span>Created on Feb 5, 2016<\/span><\/div>\r\n<div class=\"post-hits\"><span>Read<\/span> <strong>32<\/strong> Times<\/div>\r\n<div class=\"post-tag\"><span>Tags:<\/span> <a href=\"{{store url='blog-detail'}}\">Enterprise Edition<\/a>, <a href=\"{{store url='blog-detail'}}\"> Merchants<\/a>, <a href=\"{{store url='blog-detail'}}\">Partners<\/a><\/div>\r\n<\/div>\r\n<\/div>\r\n<\/div>\r\n<div class=\"grid-04\">\r\n<div class=\"ves-post post-item\">\r\n<div class=\"post-image\"><a title=\"Le Creuset Introduces New Ecommerce\" href=\"#\"> <img class=\"img-responsive\" src=\"{{media url=\"wysiwyg\/need\/blogs\/blog-07.jpg\"}}\" alt=\"\" \/> <\/a><\/div>\r\n<div class=\"post-meta\">\r\n<div class=\"post-title\">\r\n<h3><a title=\"Le Creuset Introduces New Ecommerce\" href=\"{{store url='blog-detail'}}\"> Le Creuset Introduces New Ecommerce<\/a><\/h3>\r\n<\/div>\r\n<div class=\"post-author\">Posted by: <a title=\"\" href=\"{{store url='blog-detail'}}\">venusadmin venusadmin<\/a><\/div>\r\n<div class=\"post-date\"><span>Created on Feb 5, 2016<\/span><\/div>\r\n<div class=\"post-hits\"><span>Read<\/span> <strong>32<\/strong> Times<\/div>\r\n<div class=\"post-tag\"><span>Tags:<\/span> <a href=\"{{store url='blog-detail'}}\">Enterprise Edition<\/a>, <a href=\"{{store url='blog-detail'}}\"> Merchants<\/a>, <a href=\"{{store url='blog-detail'}}\">Partners<\/a><\/div>\r\n<\/div>\r\n<\/div>\r\n<\/div>\r\n<div class=\"grid-04\">\r\n<div class=\"ves-post post-item\">\r\n<div class=\"post-image\"><a title=\"Le Creuset Introduces New Ecommerce\" href=\"#\"> <img class=\"img-responsive\" src=\"{{media url=\"wysiwyg\/need\/blogs\/blog-08.jpg\"}}\" alt=\"\" \/> <\/a><\/div>\r\n<div class=\"post-meta\">\r\n<div class=\"post-title\">\r\n<h3><a title=\"Le Creuset Introduces New Ecommerce\" href=\"{{store url='blog-detail'}}\"> Le Creuset Introduces New Ecommerce<\/a><\/h3>\r\n<\/div>\r\n<div class=\"post-author\">Posted by: <a title=\"\" href=\"{{store url='blog-detail'}}\">venusadmin venusadmin<\/a><\/div>\r\n<div class=\"post-date\"><span>Created on Feb 5, 2016<\/span><\/div>\r\n<div class=\"post-hits\"><span>Read<\/span> <strong>32<\/strong> Times<\/div>\r\n<div class=\"post-tag\"><span>Tags:<\/span> <a href=\"{{store url='blog-detail'}}\">Enterprise Edition<\/a>, <a href=\"{{store url='blog-detail'}}\"> Merchants<\/a>, <a href=\"{{store url='blog-detail'}}\">Partners<\/a><\/div>\r\n<\/div>\r\n<\/div>\r\n<\/div>\r\n<div class=\"grid-04\">\r\n<div class=\"ves-post post-item\">\r\n<div class=\"post-image\"><a title=\"Le Creuset Introduces New Ecommerce\" href=\"#\"> <img class=\"img-responsive\" src=\"{{media url=\"wysiwyg\/need\/blogs\/blog-09.jpg\"}}\" alt=\"\" \/> <\/a><\/div>\r\n<div class=\"post-meta\">\r\n<div class=\"post-title\">\r\n<h3><a title=\"Le Creuset Introduces New Ecommerce\" href=\"{{store url='blog-detail'}}\"> Le Creuset Introduces New Ecommerce<\/a><\/h3>\r\n<\/div>\r\n<div class=\"post-author\">Posted by: <a title=\"\" href=\"{{store url='blog-detail'}}\">venusadmin venusadmin<\/a><\/div>\r\n<div class=\"post-date\"><span>Created on Feb 5, 2016<\/span><\/div>\r\n<div class=\"post-hits\"><span>Read<\/span> <strong>32<\/strong> Times<\/div>\r\n<div class=\"post-tag\"><span>Tags:<\/span> <a href=\"{{store url='blog-detail'}}\">Enterprise Edition<\/a>, <a href=\"{{store url='blog-detail'}}\"> Merchants<\/a>, <a href=\"{{store url='blog-detail'}}\">Partners<\/a><\/div>\r\n<\/div>\r\n<\/div>\r\n<\/div>\r\n<\/div>\r\n<div class=\"blog-toolbar toolbar\">\r\n<div class=\"pages\"><strong id=\"paging-label\" class=\"label pages-label\">Page<\/strong>\r\n<ul class=\"items pages-items\">\r\n<li class=\"item current\"><strong class=\"page\"> <span class=\"label\">You're currently reading page<\/span> <span>1<\/span> <\/strong><\/li>\r\n<li class=\"item\"><a class=\"page\" href=\"{{store url='#'}}\"> <span class=\"label\">Page<\/span> <span>2<\/span> <\/a><\/li>\r\n<li class=\"item pages-item-next\"><a class=\"action  next\" title=\"Next\" href=\"{{store url='#'}}\"> <span class=\"label\">Page<\/span> <span>Next<\/span> <\/a><\/li>\r\n<\/ul>\r\n<\/div>\r\n<\/div>\r\n<\/div>","creation_time":"2016-04-23 04:21:16","update_time":"2016-05-17 04:58:54","is_active":"1"},{"block_id":"11","title":"Need - About us","identifier":"need-aboutus","content":"<div class=\"custom-page\">\r\n<div class=\"a-center\"><img src=\"{{media url=\"wysiwyg\/need\/about\/about-05.jpg\"}}\" alt=\"About us\" \/>\r\n<h3>Catering to your requirements, handling your needs with care<\/h3>\r\n<p>Our store is more than just another average online retailer. We sell not only top quality products, but give our customers a positive online shopping experience. Forget about struggling to do everything at once: taking care of the family, running your business, walking your dog, cleaning the house, doing the shopping, etc. Purchase the goods you need every day or just like in a few clicks or taps, depending on the device you use to access the Internet. We work to make your life more enjoyable.<\/p>\r\n<\/div>\r\n<div class=\"page-title\">\r\n<h1>Store events<\/h1>\r\n<\/div>\r\n<div class=\"ves-aboutus\">\r\n<div class=\"grid-03\">\r\n<div class=\"custom-service a-center\"><span class=\"fa fa-search\"> &nbsp; <\/span>\r\n<h4 class=\"custom-title\">For convenience of choice<\/h4>\r\n<p>We think about the convenience of your choice. Our products are supplied with star rating that should help hesitant buyers to take a decision. What&rsquo;s more, you can search our site if you know exactly what you are looking for or use a bunch of different filters that will considerably save your time and efforts.<\/p>\r\n<\/div>\r\n<\/div>\r\n<div class=\"grid-03\">\r\n<div class=\"custom-service a-center\"><span class=\"fa fa-car\"> &nbsp; <\/span>\r\n<h4 class=\"custom-title\">Delivery to all regions<\/h4>\r\n<p>We deliver our goods worldwide. No matter where you live, your order will be shipped in time and delivered right to your door or to any other location you have stated. The packages are handled with utmost care, so the ordered products will be handed to you safe and sound, just like you expect them to be.<\/p>\r\n<\/div>\r\n<\/div>\r\n<div class=\"grid-03\">\r\n<div class=\"custom-service a-center\"><span class=\"fa fa-thumbs-o-up\"> &nbsp; <\/span>\r\n<h4 class=\"custom-title3\">The highest quality of products<\/h4>\r\n<p>We guarantee the highest quality of the products we sell. Several decades of successful operation and millions of happy customers let us feel certain about that. Besides, all items we sell pass thorough quality control, so no characteristics mismatch can escape the eye of our professionals.<\/p>\r\n<\/div>\r\n<\/div>\r\n<\/div>\r\n<div class=\"page-title\">\r\n<h1>Our team<\/h1>\r\n<\/div>\r\n<div class=\"ves-aboutus\">\r\n<div class=\"grid-04\">\r\n<div class=\"team\"><a title=\"Robert Johnson\" href=\"#\"><img src=\"{{media url=\"wysiwyg\/need\/about\/about-01.jpg\"}}\" alt=\"Robert Johnson\" \/><\/a>\r\n<h4><a title=\"Robert Johnson\" href=\"#\">Robert Johnson<\/a><\/h4>\r\n<div class=\"excerpt\">Senior salesman with 15 years of experience. He knows everything about the products he offers.<\/div>\r\n<\/div>\r\n<\/div>\r\n<div class=\"grid-04\">\r\n<div class=\"team\"><a title=\"JESSICA PRISTON\" href=\"#\"><img src=\"{{media url=\"wysiwyg\/need\/about\/about-02.jpg\"}}\" alt=\"JESSICA PRISTON\" \/><\/a>\r\n<h4><a title=\"JESSICA PRISTON\" href=\"#\">JESSICA PRISTON<\/a><\/h4>\r\n<div class=\"excerpt\">Mega positive shop assistant always ready to help you make the right choice and charm you with a smile.<\/div>\r\n<\/div>\r\n<\/div>\r\n<div class=\"grid-04\">\r\n<div class=\"team\"><a title=\"SAM KROMSTAIN\" href=\"#\"><img src=\"{{media url=\"wysiwyg\/need\/about\/about-03.jpg\"}}\" alt=\"SAM KROMSTAIN\" \/><\/a>\r\n<h4><a title=\"SAM KROMSTAIN\" href=\"#\">SAM KROMSTAIN<\/a><\/h4>\r\n<div class=\"excerpt\">Wholesale manager. Contact him if you want to buy a batch of the products offered at our store.<\/div>\r\n<\/div>\r\n<\/div>\r\n<div class=\"grid-04\">\r\n<div class=\"team\"><a title=\"EDNA BARTON\" href=\"#\"><img src=\"{{media url=\"wysiwyg\/need\/about\/about-04.jpg\"}}\" alt=\"EDNA BARTON\" \/><\/a>\r\n<h4><a title=\"EDNA BARTON\" href=\"#\">EDNA BARTON<\/a><\/h4>\r\n<div class=\"excerpt\">Quality control manager. Her mission is to check the products we ship and settle quality issues if any.<\/div>\r\n<\/div>\r\n<\/div>\r\n<\/div>\r\n<\/div>","creation_time":"2016-04-23 07:15:49","update_time":"2016-05-19 08:12:32","is_active":"1"},{"block_id":"12","title":"Need Banner Sidebar","identifier":"need-banner-sidebar","content":"<div class=\"block sidebar-image\">\r\n\t<div class=\"ves-static\">\r\n\t\t<a href=\"#\" class=\"banner-img\"><img class=\"img-responsive\" src=\"{{media url=\"wysiwyg\/need\/home01\/banner-02.jpg\"}}\" alt=\"\" \/><\/a>\r\n\t<\/div>\r\n<\/div>","creation_time":"2016-04-25 10:14:04","update_time":"2016-05-12 07:46:32","is_active":"1"},{"block_id":"13","title":"Need custom block","identifier":"need-custom-block","content":"<div class=\"block custom-block\">\r\n\t<div>\r\n\t\t<em class=\"fa fa-truck\"><\/em>\r\n\t\t<h3>FREE SHIPPING<\/h3>\r\n\t\t<p>Free shipping on all orders over $99.<\/p>\r\n\t<\/div>\r\n\t<div>\r\n\t\t<em class=\"fa fa-money\"><\/em>\r\n\t\t<h3>MONEY BACK<\/h3>\r\n\t\t<p>100% money back guarantee.<\/p>\r\n\t<\/div>\r\n\t<div>\r\n\t\t<em class=\"fa fa-life-ring\"><\/em>\r\n\t\t<h3>ONLINE SUPPORT 24\/7<\/h3>\r\n\t\t<p>Unlimited time support.<\/p>\r\n\t<\/div>\r\n<\/div>","creation_time":"2016-04-25 10:23:33","update_time":"2016-05-12 07:02:34","is_active":"1"},{"block_id":"14","title":"Need Sidebar Products2","identifier":"need-sidebar-products2","content":"<p>{{widget type=\"Magento\\Catalog\\Block\\Product\\Widget\\NewWidget\" display_type=\"all_products\" products_count=\"3\" template=\"product\/widget\/new\/content\/new_list.phtml\"}}<\/p>","creation_time":"2016-04-25 10:26:12","update_time":"2016-05-12 07:02:44","is_active":"1"},{"block_id":"15","title":"Need Testominial Newletter","identifier":"need-testominial-newletter","content":"<div class=\"ves-custom02\">\r\n\t<div class=\"block grid-06 ves-testominial\">\r\n\t\t<div id=\"owl-demo1\" class=\"owl-carousel owl-theme\">         \r\n\t\t\t<div class=\"item\"> \r\n\t\t\t\t<div class=\"testominial\">\r\n\t\t\t\t\t<p> <a href=\"#\" class=\"banner-img\"><img src=\"{{media url=\"wysiwyg\/need\/home01\/avatar-01.jpg\"}}\" alt=\"\" \/><\/a> <\/p>\r\n\t\t\t\t\t<p> They never said winning was easy. Some people can\u2019t handle success, I can. Wraith talk <\/p>\r\n\t\t\t\t\t<h3> john dos<\/h3>\r\n\t\t\t\t\t<h4> Designer <\/h4>\r\n\t\t\t\t<\/div>\r\n\t\t\t<\/div>\r\n\r\n\t\t\t<div class=\"item\"> \r\n\t\t\t\t<div class=\"testominial\">\r\n\t\t\t\t\t<p> <a href=\"#\" class=\"banner-img\"><img src=\"{{media url=\"wysiwyg\/need\/home01\/avatar-01.jpg\"}}\" alt=\"\" \/><\/a> <\/p>\r\n\t\t\t\t\t<p> They never said winning was easy. Some people can\u2019t handle success, I can. Wraith talk <\/p>\r\n\t\t\t\t\t<h3> john dos<\/h3>\r\n\t\t\t\t\t<h4> Designer <\/h4>\r\n\t\t\t\t<\/div>\r\n\t\t\t<\/div>\r\n\r\n\t\t\t<div class=\"item\"> \r\n\t\t\t\t<div class=\"testominial\">\r\n\t\t\t\t\t<p> <a href=\"#\" class=\"banner-img\"><img src=\"{{media url=\"wysiwyg\/need\/home01\/avatar-01.jpg\"}}\" alt=\"\" \/><\/a> <\/p>\r\n\t\t\t\t\t<p> They never said winning was easy. Some people can\u2019t handle success, I can. Wraith talk <\/p>\r\n\t\t\t\t\t<h3> john dos<\/h3>\r\n\t\t\t\t\t<h4> Designer <\/h4>\r\n\t\t\t\t<\/div>\r\n\t\t\t<\/div>\r\n\t\t<\/div>\r\n\t\t<div class=\"owl-controls\">\r\n\t\t\t<div class=\"owl-nav\">\r\n\t\t\t\t<div class=\"owl-demo-prev2 left\"><i class=\"fa fa-angle-left\"> <\/i><\/div>\r\n\t\t\t\t<div class=\"owl-demo-next2 right\"><i class=\"fa fa-angle-right\"> <\/i><\/div>\r\n\t\t\t<\/div>\r\n\t\t<\/div>\r\n\t\t<script type=\"text\/javascript\">\r\n\t\t\trequire(['jquery','owl.carousel\/owl.carousel.min'],function(){\r\n\t\t\t\tjQuery(document).ready(function() {\r\n\t\t\t\t\tjQuery(\"#owl-demo1\").owlCarousel({\r\n\t\t\t\t\t\tloop:true,\r\n\t\t\t\t\t\tmargin:10,\r\n\t\t\t\t\t\tresponsiveClass:true,\r\n\t\t\t\t\t\tdots:false,\r\n\t\t\t\t\t\tnav: false,\r\n\t\t\t\t\t\tresponsive:{\r\n\t\t\t\t\t\t\t0:{\r\n\t\t\t\t\t\t\t\titems:1\r\n\t\t\t\t\t\t\t},\r\n\t\t\t\t\t\t\t480:{\r\n\t\t\t\t\t\t\t\titems:1\r\n\t\t\t\t\t\t\t},\r\n\t\t\t\t\t\t\t768:{\r\n\t\t\t\t\t\t\t\titems:1\r\n\t\t\t\t\t\t\t},\r\n\t\t\t\t\t\t\t1000:{\r\n\t\t\t\t\t\t\t\titems:1\r\n\t\t\t\t\t\t\t}\r\n\t\t\t\t\t\t}\r\n\t\t\t\t\t});\r\n\t\t\t\t\tjQuery(\".owl-demo-prev2\").click(function () {\r\n\t\t\t\t\t\tjQuery(\"#owl-demo1\").trigger('prev.owl.carousel');\r\n\t\t\t\t\t});\r\n\t\t\t\t\tjQuery(\".owl-demo-next2\").click(function () {\r\n\t\t\t\t\t\tjQuery(\"#owl-demo1\").trigger('next.owl.carousel');\r\n\t\t\t\t\t});\r\n\t\t\t\t});\r\n\t\t\t});\r\n\t\t<\/script>\r\n\t<\/div>\r\n\r\n\t<div class=\"block grid-06\">\r\n\t\t{{block class=\"Magento\\Newsletter\\Block\\Subscribe\" name=\"form.subscribe\" as=\"subscribe\" before=\"-\" template=\"subscribe.phtml\"\/}}\r\n\t<\/div>\r\n<\/div>","creation_time":"2016-05-12 09:30:10","update_time":"2016-05-12 09:46:52","is_active":"1"}],"cms_block_store":[{"block_id":"2","store_id":"0"},{"block_id":"3","store_id":"0"},{"block_id":"4","store_id":"0"},{"block_id":"5","store_id":"0"},{"block_id":"8","store_id":"0"},{"block_id":"10","store_id":"0"},{"block_id":"11","store_id":"0"},{"block_id":"12","store_id":"0"},{"block_id":"13","store_id":"0"},{"block_id":"14","store_id":"0"},{"block_id":"15","store_id":"0"}]}},"created_at":"05\/23\/2016 04:21:16 am"}